-- --------------------------------------------------------
-- Хост:                         127.0.0.1
-- Версия сервера:               5.5.41-log - MySQL Community Server (GPL)
-- ОС Сервера:                   Win32
-- HeidiSQL Версия:              9.1.0.4867
-- --------------------------------------------------------

/*!40101 SET @OLD_CHARACTER_SET_CLIENT=@@CHARACTER_SET_CLIENT */;
/*!40101 SET NAMES utf8mb4 */;
/*!40014 SET @OLD_FOREIGN_KEY_CHECKS=@@FOREIGN_KEY_CHECKS, FOREIGN_KEY_CHECKS=0 */;
/*!40101 SET @OLD_SQL_MODE=@@SQL_MODE, SQL_MODE='NO_AUTO_VALUE_ON_ZERO' */;

-- Дамп структуры для таблица vefasistem.articles
CREATE TABLE IF NOT EXISTS `articles` (
  `id_article` int(11) NOT NULL AUTO_INCREMENT,
  `article_title` varchar(250) NOT NULL,
  `mk` varchar(250) NOT NULL,
  `md` varchar(250) NOT NULL,
  `url` varchar(250) NOT NULL,
  `article_description` text NOT NULL,
  `article_small_description` varchar(500) NOT NULL,
  `article_photo` varchar(50) NOT NULL,
  `article_date` timestamp NOT NULL DEFAULT CURRENT_TIMESTAMP ON UPDATE CURRENT_TIMESTAMP,
  `article_visible` tinyint(1) NOT NULL DEFAULT '1',
  PRIMARY KEY (`id_article`)
) ENGINE=InnoDB DEFAULT CHARSET=utf8;

-- Дамп данных таблицы vefasistem.articles: ~0 rows (приблизительно)
DELETE FROM `articles`;
/*!40000 ALTER TABLE `articles` DISABLE KEYS */;
/*!40000 ALTER TABLE `articles` ENABLE KEYS */;


-- Дамп структуры для таблица vefasistem.ci_sessions
CREATE TABLE IF NOT EXISTS `ci_sessions` (
  `id` varchar(40) NOT NULL,
  `ip_address` varchar(45) NOT NULL,
  `timestamp` int(10) unsigned NOT NULL DEFAULT '0',
  `data` blob NOT NULL,
  PRIMARY KEY (`id`),
  KEY `ci_sessions_timestamp` (`timestamp`)
) ENGINE=InnoDB DEFAULT CHARSET=utf8;

-- Дамп данных таблицы vefasistem.ci_sessions: ~119 rows (приблизительно)
DELETE FROM `ci_sessions`;
/*!40000 ALTER TABLE `ci_sessions` DISABLE KEYS */;
INSERT INTO `ci_sessions` (`id`, `ip_address`, `timestamp`, `data`) VALUES
	('008acd5792c2d6922c5877c5349ecfa81ad5f2d1', '127.0.0.1', 1516470078, _binary 0x5F5F63695F6C6173745F726567656E65726174657C693A313531363437303037383B),
	('0503494a50c9210608609c2e117eb4ea7bae4bfc', '127.0.0.1', 1516600423, _binary 0x5F5F63695F6C6173745F726567656E65726174657C693A313531363630303432333B),
	('05a2f8f957fba7c42976e26fb92189bc4a7f21b2', '127.0.0.1', 1516024897, _binary 0x5F5F63695F6C6173745F726567656E65726174657C693A313531363032343839373B69645F757365727C733A313A2231223B67726F75705F747970657C733A353A2261646D696E223B6C6F676765645F696E7C623A313B7269676874737C613A383A7B693A303B733A31313A226D616E6167655F6E657773223B693A313B733A31363A226D616E6167655F736974655F6D656E75223B693A323B733A31333A226D616E6167655F67726F757073223B693A333B733A31333A226D616E6167655F726967687473223B693A343B733A31393A226D616E6167655F67726F75705F726967687473223B693A353B733A31393A226D616E6167655F7374617469635F626C6F636B223B693A363B733A31353A226D616E6167655F73657474696E6773223B693A373B733A31323A226D616E6167655F7573657273223B7D),
	('069825f08317ec850a7c4b9bb795096f13ea3da3', '127.0.0.1', 1516079925, _binary 0x5F5F63695F6C6173745F726567656E65726174657C693A313531363037393932353B),
	('06cdc956eaa5226a816e92ecf448188b9721a2dd', '127.0.0.1', 1516456816, _binary 0x5F5F63695F6C6173745F726567656E65726174657C693A313531363435363831363B),
	('07022a1e36d66a86bfa5e258bb38708fb38745f9', '127.0.0.1', 1517059849, _binary 0x5F5F63695F6C6173745F726567656E65726174657C693A313531373035393834393B),
	('07b49edd3bb2985fdaa6cb934d25132c585086ea', '127.0.0.1', 1516460900, _binary 0x5F5F63695F6C6173745F726567656E65726174657C693A313531363436303930303B),
	('07d093639ccc654ed5174d65561fd9f10b24bda5', '127.0.0.1', 1517137158, _binary 0x5F5F63695F6C6173745F726567656E65726174657C693A313531373133373135383B),
	('08ca6211abd36c3c5cb0ed75d5fbceb727ba6cdd', '127.0.0.1', 1515913692, _binary 0x5F5F63695F6C6173745F726567656E65726174657C693A313531353931333639313B),
	('0ae81733c841605b824633081e853381dc6b81ec', '127.0.0.1', 1509747811, _binary 0x5F5F63695F6C6173745F726567656E65726174657C693A313530393734373831313B69645F757365727C733A313A2231223B67726F75705F747970657C733A353A2261646D696E223B6C6F676765645F696E7C623A313B7269676874737C613A383A7B693A303B733A31313A226D616E6167655F6E657773223B693A313B733A31363A226D616E6167655F736974655F6D656E75223B693A323B733A31333A226D616E6167655F67726F757073223B693A333B733A31333A226D616E6167655F726967687473223B693A343B733A31393A226D616E6167655F67726F75705F726967687473223B693A353B733A31393A226D616E6167655F7374617469635F626C6F636B223B693A363B733A31353A226D616E6167655F73657474696E6773223B693A373B733A31323A226D616E6167655F7573657273223B7D),
	('0d57d817e0509b1de9f1900cd3c233dabd8d715c', '127.0.0.1', 1516022026, _binary 0x5F5F63695F6C6173745F726567656E65726174657C693A313531363032323032363B),
	('0ef6b6ffdb109a9899b7614616e8caad77c36ad0', '127.0.0.1', 1517229533, _binary 0x5F5F63695F6C6173745F726567656E65726174657C693A313531373232393533303B69645F757365727C733A313A2231223B67726F75705F747970657C733A353A2261646D696E223B6C6F676765645F696E7C623A313B7269676874737C613A383A7B693A303B733A31313A226D616E6167655F6E657773223B693A313B733A31363A226D616E6167655F736974655F6D656E75223B693A323B733A31333A226D616E6167655F67726F757073223B693A333B733A31333A226D616E6167655F726967687473223B693A343B733A31393A226D616E6167655F67726F75705F726967687473223B693A353B733A31393A226D616E6167655F7374617469635F626C6F636B223B693A363B733A31353A226D616E6167655F73657474696E6773223B693A373B733A31323A226D616E6167655F7573657273223B7D),
	('136f9a6c3efa26ec5b3f175901088f195a983366', '127.0.0.1', 1517135441, _binary 0x5F5F63695F6C6173745F726567656E65726174657C693A313531373133353434303B),
	('14d2e78240ab9605dce37a9f7bdc436ef65d733a', '127.0.0.1', 1514434628, _binary 0x5F5F63695F6C6173745F726567656E65726174657C693A313531343433343632383B),
	('1744fc9743a4340fdbd841aa6eb2cb9e22ac1c3f', '127.0.0.1', 1509746130, _binary 0x5F5F63695F6C6173745F726567656E65726174657C693A313530393734363133303B69645F757365727C733A313A2231223B67726F75705F747970657C733A353A2261646D696E223B6C6F676765645F696E7C623A313B7269676874737C613A383A7B693A303B733A31313A226D616E6167655F6E657773223B693A313B733A31363A226D616E6167655F736974655F6D656E75223B693A323B733A31333A226D616E6167655F67726F757073223B693A333B733A31333A226D616E6167655F726967687473223B693A343B733A31393A226D616E6167655F67726F75705F726967687473223B693A353B733A31393A226D616E6167655F7374617469635F626C6F636B223B693A363B733A31353A226D616E6167655F73657474696E6773223B693A373B733A31323A226D616E6167655F7573657273223B7D),
	('1cc76b485129ef9af118f16c52350ef964b8d1ce', '127.0.0.1', 1514438353, _binary 0x5F5F63695F6C6173745F726567656E65726174657C693A313531343433383335333B69645F757365727C733A313A2231223B67726F75705F747970657C733A353A2261646D696E223B6C6F676765645F696E7C623A313B7269676874737C613A383A7B693A303B733A31313A226D616E6167655F6E657773223B693A313B733A31363A226D616E6167655F736974655F6D656E75223B693A323B733A31333A226D616E6167655F67726F757073223B693A333B733A31333A226D616E6167655F726967687473223B693A343B733A31393A226D616E6167655F67726F75705F726967687473223B693A353B733A31393A226D616E6167655F7374617469635F626C6F636B223B693A363B733A31353A226D616E6167655F73657474696E6773223B693A373B733A31323A226D616E6167655F7573657273223B7D),
	('1cdf699a712226a20df5963b31279c3f85ecb458', '127.0.0.1', 1516468552, _binary 0x5F5F63695F6C6173745F726567656E65726174657C693A313531363436383535323B),
	('1d9cd2f9b551f40142fe53bd623f36be4f30aee2', '127.0.0.1', 1516461264, _binary 0x5F5F63695F6C6173745F726567656E65726174657C693A313531363436313236343B),
	('1dc069500fb9ac638ff1310a0b4e640109f8eb7d', '127.0.0.1', 1514480790, _binary ''),
	('20272b5e69a5663b8e5606c78361891445c2f989', '127.0.0.1', 1516021632, _binary 0x5F5F63695F6C6173745F726567656E65726174657C693A313531363032313633323B),
	('2056a55b083b78c554823845a68ea4c2bcb7eb44', '127.0.0.1', 1509988925, _binary 0x5F5F63695F6C6173745F726567656E65726174657C693A313530393938383931373B69645F757365727C733A313A2231223B67726F75705F747970657C733A353A2261646D696E223B6C6F676765645F696E7C623A313B7269676874737C613A383A7B693A303B733A31313A226D616E6167655F6E657773223B693A313B733A31363A226D616E6167655F736974655F6D656E75223B693A323B733A31333A226D616E6167655F67726F757073223B693A333B733A31333A226D616E6167655F726967687473223B693A343B733A31393A226D616E6167655F67726F75705F726967687473223B693A353B733A31393A226D616E6167655F7374617469635F626C6F636B223B693A363B733A31353A226D616E6167655F73657474696E6773223B693A373B733A31323A226D616E6167655F7573657273223B7D),
	('2199a2999fdb07c21e5e902af3d139f06572b0cb', '127.0.0.1', 1516080937, _binary 0x5F5F63695F6C6173745F726567656E65726174657C693A313531363038303933353B69645F757365727C733A313A2231223B67726F75705F747970657C733A353A2261646D696E223B6C6F676765645F696E7C623A313B7269676874737C613A383A7B693A303B733A31313A226D616E6167655F6E657773223B693A313B733A31363A226D616E6167655F736974655F6D656E75223B693A323B733A31333A226D616E6167655F67726F757073223B693A333B733A31333A226D616E6167655F726967687473223B693A343B733A31393A226D616E6167655F67726F75705F726967687473223B693A353B733A31393A226D616E6167655F7374617469635F626C6F636B223B693A363B733A31353A226D616E6167655F73657474696E6773223B693A373B733A31323A226D616E6167655F7573657273223B7D),
	('25f085d3c4b0dea68525349c43226a46f56a5912', '127.0.0.1', 1509745836, _binary 0x5F5F63695F6C6173745F726567656E65726174657C693A313530393734353832363B69645F757365727C733A313A2231223B67726F75705F747970657C733A353A2261646D696E223B6C6F676765645F696E7C623A313B7269676874737C613A383A7B693A303B733A31313A226D616E6167655F6E657773223B693A313B733A31363A226D616E6167655F736974655F6D656E75223B693A323B733A31333A226D616E6167655F67726F757073223B693A333B733A31333A226D616E6167655F726967687473223B693A343B733A31393A226D616E6167655F67726F75705F726967687473223B693A353B733A31393A226D616E6167655F7374617469635F626C6F636B223B693A363B733A31353A226D616E6167655F73657474696E6773223B693A373B733A31323A226D616E6167655F7573657273223B7D),
	('2699609fcb04b24259fa15fac6f8c9ff536c2b03', '127.0.0.1', 1517148451, _binary 0x5F5F63695F6C6173745F726567656E65726174657C693A313531373134383435313B),
	('286f49865b796890cb2ddbd80ba9796997fa7e6b', '127.0.0.1', 1516457818, _binary 0x5F5F63695F6C6173745F726567656E65726174657C693A313531363435373831383B),
	('2a220268bf8c86f5e1460132c451194351993322', '127.0.0.1', 1517167340, _binary 0x5F5F63695F6C6173745F726567656E65726174657C693A313531373136373334303B),
	('2e1d2ec576b2f5e6b9e61670415a3c90d43d182a', '127.0.0.1', 1509747504, _binary 0x5F5F63695F6C6173745F726567656E65726174657C693A313530393734373530343B69645F757365727C733A313A2231223B67726F75705F747970657C733A353A2261646D696E223B6C6F676765645F696E7C623A313B7269676874737C613A383A7B693A303B733A31313A226D616E6167655F6E657773223B693A313B733A31363A226D616E6167655F736974655F6D656E75223B693A323B733A31333A226D616E6167655F67726F757073223B693A333B733A31333A226D616E6167655F726967687473223B693A343B733A31393A226D616E6167655F67726F75705F726967687473223B693A353B733A31393A226D616E6167655F7374617469635F626C6F636B223B693A363B733A31353A226D616E6167655F73657474696E6773223B693A373B733A31323A226D616E6167655F7573657273223B7D),
	('35d4c5a59d94505a1f10e8779c839a8fa9f0d5eb', '127.0.0.1', 1514434222, _binary 0x5F5F63695F6C6173745F726567656E65726174657C693A313531343433343232323B),
	('391638fbf68490d53142e165aa4df0baba4483c1', '127.0.0.1', 1517169610, _binary 0x5F5F63695F6C6173745F726567656E65726174657C693A313531373136393631303B),
	('3b0d74c23c65f690a05b6b1cbdb49c912048395d', '127.0.0.1', 1516456479, _binary 0x5F5F63695F6C6173745F726567656E65726174657C693A313531363435363437393B),
	('3f66da7f1489cf18fdd4f9a9adc512925da17dcf', '127.0.0.1', 1517145223, _binary 0x5F5F63695F6C6173745F726567656E65726174657C693A313531373134353232333B),
	('40263723065d22221d8d56e15e1e996991f641eb', '127.0.0.1', 1517147710, _binary 0x5F5F63695F6C6173745F726567656E65726174657C693A313531373134373731303B),
	('43cf52cf9c6bc2685cdf419a352a58d372ed5f69', '127.0.0.1', 1516469268, _binary 0x5F5F63695F6C6173745F726567656E65726174657C693A313531363436393236383B),
	('489e881b285f0f25381c3fd8e68c0d894e3909f8', '127.0.0.1', 1514436803, _binary 0x5F5F63695F6C6173745F726567656E65726174657C693A313531343433363830333B69645F757365727C733A313A2231223B67726F75705F747970657C733A353A2261646D696E223B6C6F676765645F696E7C623A313B7269676874737C613A383A7B693A303B733A31313A226D616E6167655F6E657773223B693A313B733A31363A226D616E6167655F736974655F6D656E75223B693A323B733A31333A226D616E6167655F67726F757073223B693A333B733A31333A226D616E6167655F726967687473223B693A343B733A31393A226D616E6167655F67726F75705F726967687473223B693A353B733A31393A226D616E6167655F7374617469635F626C6F636B223B693A363B733A31353A226D616E6167655F73657474696E6773223B693A373B733A31323A226D616E6167655F7573657273223B7D),
	('4d46450feb367e3aedd7b7be2acade4b0906629b', '127.0.0.1', 1516455240, _binary 0x5F5F63695F6C6173745F726567656E65726174657C693A313531363435353233393B),
	('506f22d34874dd11d1fab77c81d1ccd724bd296a', '127.0.0.1', 1517147299, _binary 0x5F5F63695F6C6173745F726567656E65726174657C693A313531373134373239393B),
	('507083ff8c3e15c1ea4839b7690f39113c97627a', '127.0.0.1', 1517236470, _binary 0x5F5F63695F6C6173745F726567656E65726174657C693A313531373233363437303B69645F757365727C733A313A2231223B67726F75705F747970657C733A353A2261646D696E223B6C6F676765645F696E7C623A313B7269676874737C613A383A7B693A303B733A31313A226D616E6167655F6E657773223B693A313B733A31363A226D616E6167655F736974655F6D656E75223B693A323B733A31333A226D616E6167655F67726F757073223B693A333B733A31333A226D616E6167655F726967687473223B693A343B733A31393A226D616E6167655F67726F75705F726967687473223B693A353B733A31393A226D616E6167655F7374617469635F626C6F636B223B693A363B733A31353A226D616E6167655F73657474696E6773223B693A373B733A31323A226D616E6167655F7573657273223B7D),
	('51ac1609ebfac600021b8237b4ee9a6618a1ef8c', '127.0.0.1', 1517150602, _binary 0x5F5F63695F6C6173745F726567656E65726174657C693A313531373135303630323B),
	('520f252062698bb1f7755d90b282f11bd8ac9c65', '127.0.0.1', 1516472517, _binary 0x5F5F63695F6C6173745F726567656E65726174657C693A313531363437323531363B),
	('523f0284cff4ab49097e74655e2a3d4f1dc4ed25', '127.0.0.1', 1509747084, _binary 0x5F5F63695F6C6173745F726567656E65726174657C693A313530393734373038343B69645F757365727C733A313A2231223B67726F75705F747970657C733A353A2261646D696E223B6C6F676765645F696E7C623A313B7269676874737C613A383A7B693A303B733A31313A226D616E6167655F6E657773223B693A313B733A31363A226D616E6167655F736974655F6D656E75223B693A323B733A31333A226D616E6167655F67726F757073223B693A333B733A31333A226D616E6167655F726967687473223B693A343B733A31393A226D616E6167655F67726F75705F726967687473223B693A353B733A31393A226D616E6167655F7374617469635F626C6F636B223B693A363B733A31353A226D616E6167655F73657474696E6773223B693A373B733A31323A226D616E6167655F7573657273223B7D),
	('53ccf751d37d407ff5ccaeba630fe95945f43bab', '127.0.0.1', 1517378824, _binary 0x5F5F63695F6C6173745F726567656E65726174657C693A313531373337383832333B),
	('573965d68f37ee1853ed20cca5380313dc32820e', '127.0.0.1', 1517149430, _binary 0x5F5F63695F6C6173745F726567656E65726174657C693A313531373134393433303B),
	('5896c0f8bcd3d3c3c0a38b0feaa1d04fdb2992d8', '127.0.0.1', 1516783621, _binary 0x5F5F63695F6C6173745F726567656E65726174657C693A313531363738333632303B),
	('58dbd0b045be982f85776ab549569a5ba2956433', '127.0.0.1', 1517169965, _binary 0x5F5F63695F6C6173745F726567656E65726174657C693A313531373136393936353B),
	('59106d22d1a900a1e550aa039f19f0a264fb4660', '127.0.0.1', 1516347106, _binary 0x5F5F63695F6C6173745F726567656E65726174657C693A313531363334373130343B),
	('5e50001617c5b41e023abcfd908889426f7477e0', '127.0.0.1', 1517235925, _binary 0x5F5F63695F6C6173745F726567656E65726174657C693A313531373233353932353B69645F757365727C733A313A2231223B67726F75705F747970657C733A353A2261646D696E223B6C6F676765645F696E7C623A313B7269676874737C613A383A7B693A303B733A31313A226D616E6167655F6E657773223B693A313B733A31363A226D616E6167655F736974655F6D656E75223B693A323B733A31333A226D616E6167655F67726F757073223B693A333B733A31333A226D616E6167655F726967687473223B693A343B733A31393A226D616E6167655F67726F75705F726967687473223B693A353B733A31393A226D616E6167655F7374617469635F626C6F636B223B693A363B733A31353A226D616E6167655F73657474696E6773223B693A373B733A31323A226D616E6167655F7573657273223B7D),
	('6449a517a02ecb24cac5f9ac7e545b10383bb56c', '127.0.0.1', 1516019506, _binary 0x5F5F63695F6C6173745F726567656E65726174657C693A313531363031393530353B),
	('64e88a50aa83ec99313b226be5d26f4ad0ad08be', '127.0.0.1', 1516598330, _binary 0x5F5F63695F6C6173745F726567656E65726174657C693A313531363539383332393B),
	('65bbde35a57010c9f425094dd4b2ac31ff92b190', '127.0.0.1', 1517057224, _binary 0x5F5F63695F6C6173745F726567656E65726174657C693A313531373035373232343B),
	('6a29504c34740889b6695acf21b5ad43ec98d41e', '127.0.0.1', 1517148775, _binary 0x5F5F63695F6C6173745F726567656E65726174657C693A313531373134383737353B),
	('6ae6ca004c3ac0901138ece46175829dc21e3a0d', '127.0.0.1', 1517062698, _binary 0x5F5F63695F6C6173745F726567656E65726174657C693A313531373036323639383B),
	('6b6811da65707bec4fd427d5bb62bb52c9251bbb', '127.0.0.1', 1517144779, _binary 0x5F5F63695F6C6173745F726567656E65726174657C693A313531373134343737393B),
	('70571ed13502a94a6311401b32588185239b5008', '127.0.0.1', 1517056495, _binary 0x5F5F63695F6C6173745F726567656E65726174657C693A313531373035363439343B),
	('71d1e3e5e0726b77a721b1370922408dee9f20fc', '127.0.0.1', 1517152821, _binary 0x5F5F63695F6C6173745F726567656E65726174657C693A313531373135323832313B),
	('727b4bf84d9f733b8ba9878716a27d15b3048c98', '127.0.0.1', 1516473528, _binary 0x5F5F63695F6C6173745F726567656E65726174657C693A313531363437333532383B),
	('752ceab71530e25476d9b7315f12085e4e2b1ccc', '127.0.0.1', 1516473199, _binary 0x5F5F63695F6C6173745F726567656E65726174657C693A313531363437333139393B),
	('75e8f7dfa26f58d9833f1209ede439026409195f', '127.0.0.1', 1517167039, _binary 0x5F5F63695F6C6173745F726567656E65726174657C693A313531373136373033393B),
	('76853b5425a2d867eaf65c2c8a04e72620b9c841', '127.0.0.1', 1516473856, _binary 0x5F5F63695F6C6173745F726567656E65726174657C693A313531363437333835363B),
	('7c175c3a5721a0d60358a0cdc35173da86c3c25a', '127.0.0.1', 1517141648, _binary 0x5F5F63695F6C6173745F726567656E65726174657C693A313531373134313634383B),
	('7c1b7cdb56f54613e69fbc4369f49edc487423b9', '127.0.0.1', 1516022333, _binary 0x5F5F63695F6C6173745F726567656E65726174657C693A313531363032323333303B69645F757365727C733A313A2231223B67726F75705F747970657C733A353A2261646D696E223B6C6F676765645F696E7C623A313B7269676874737C613A383A7B693A303B733A31313A226D616E6167655F6E657773223B693A313B733A31363A226D616E6167655F736974655F6D656E75223B693A323B733A31333A226D616E6167655F67726F757073223B693A333B733A31333A226D616E6167655F726967687473223B693A343B733A31393A226D616E6167655F67726F75705F726967687473223B693A353B733A31393A226D616E6167655F7374617469635F626C6F636B223B693A363B733A31353A226D616E6167655F73657474696E6773223B693A373B733A31323A226D616E6167655F7573657273223B7D),
	('7d0a1febf652ca6889047f9f48b43d157121f22d', '127.0.0.1', 1517151208, _binary 0x5F5F63695F6C6173745F726567656E65726174657C693A313531373135313230383B),
	('7e96117edcb066242bd9d521020939ea101ea26f', '127.0.0.1', 1516456014, _binary 0x5F5F63695F6C6173745F726567656E65726174657C693A313531363435363031343B),
	('80a915c16d8dbb44f6dbeca464943de94cc3d5ed', '127.0.0.1', 1514437171, _binary 0x5F5F63695F6C6173745F726567656E65726174657C693A313531343433373137313B69645F757365727C733A313A2231223B67726F75705F747970657C733A353A2261646D696E223B6C6F676765645F696E7C623A313B7269676874737C613A383A7B693A303B733A31313A226D616E6167655F6E657773223B693A313B733A31363A226D616E6167655F736974655F6D656E75223B693A323B733A31333A226D616E6167655F67726F757073223B693A333B733A31333A226D616E6167655F726967687473223B693A343B733A31393A226D616E6167655F67726F75705F726967687473223B693A353B733A31393A226D616E6167655F7374617469635F626C6F636B223B693A363B733A31353A226D616E6167655F73657474696E6773223B693A373B733A31323A226D616E6167655F7573657273223B7D),
	('8168c093ef584ed7c36e2df4a75a746449b19c37', '127.0.0.1', 1514369779, _binary 0x5F5F63695F6C6173745F726567656E65726174657C693A313531343336393737383B),
	('830dfb5124e9fa4f7c0e65635562b038de1ee6b9', '127.0.0.1', 1517055062, _binary 0x5F5F63695F6C6173745F726567656E65726174657C693A313531373035353036313B),
	('87994208fa96e08b5c89908ce5e3e04d8946b5e2', '127.0.0.1', 1516081584, _binary 0x5F5F63695F6C6173745F726567656E65726174657C693A313531363038313538343B69645F757365727C733A313A2231223B67726F75705F747970657C733A353A2261646D696E223B6C6F676765645F696E7C623A313B7269676874737C613A383A7B693A303B733A31313A226D616E6167655F6E657773223B693A313B733A31363A226D616E6167655F736974655F6D656E75223B693A323B733A31333A226D616E6167655F67726F757073223B693A333B733A31333A226D616E6167655F726967687473223B693A343B733A31393A226D616E6167655F67726F75705F726967687473223B693A353B733A31393A226D616E6167655F7374617469635F626C6F636B223B693A363B733A31353A226D616E6167655F73657474696E6773223B693A373B733A31323A226D616E6167655F7573657273223B7D),
	('8824c9d74a721f8725598b8795f464d790421729', '127.0.0.1', 1516472854, _binary 0x5F5F63695F6C6173745F726567656E65726174657C693A313531363437323835343B),
	('88f9b87208d99211a66d208360f6e617f3b906d5', '127.0.0.1', 1516460397, _binary 0x5F5F63695F6C6173745F726567656E65726174657C693A313531363436303339373B),
	('89613706f0302f4ee43175db2ec27b637ee96a47', '127.0.0.1', 1517144208, _binary 0x5F5F63695F6C6173745F726567656E65726174657C693A313531373134343230373B),
	('896772f87fca66d4bcfc7517badeb668b91c8ae6', '127.0.0.1', 1516025281, _binary 0x5F5F63695F6C6173745F726567656E65726174657C693A313531363032353238313B69645F757365727C733A313A2231223B67726F75705F747970657C733A353A2261646D696E223B6C6F676765645F696E7C623A313B7269676874737C613A383A7B693A303B733A31313A226D616E6167655F6E657773223B693A313B733A31363A226D616E6167655F736974655F6D656E75223B693A323B733A31333A226D616E6167655F67726F757073223B693A333B733A31333A226D616E6167655F726967687473223B693A343B733A31393A226D616E6167655F67726F75705F726967687473223B693A353B733A31393A226D616E6167655F7374617469635F626C6F636B223B693A363B733A31353A226D616E6167655F73657474696E6773223B693A373B733A31323A226D616E6167655F7573657273223B7D),
	('8a7c830dd0bce6770a5133e23c842069b511238f', '127.0.0.1', 1516080613, _binary 0x5F5F63695F6C6173745F726567656E65726174657C693A313531363038303631333B),
	('8ad65ea7859cb6f06a40f1394f045793f6ba7282', '127.0.0.1', 1517146417, _binary 0x5F5F63695F6C6173745F726567656E65726174657C693A313531373134363431373B),
	('8c6bd3e8bc1cef22ff57a91b162d73c503f35949', '127.0.0.1', 1516599237, _binary 0x5F5F63695F6C6173745F726567656E65726174657C693A313531363539393233373B),
	('8c897ae24c5dccbe909ab6f0c09b5e48d6f41445', '127.0.0.1', 1517165951, _binary 0x5F5F63695F6C6173745F726567656E65726174657C693A313531373136353935313B),
	('8d78330847367fb2d9fc5a48326d4170549dfe72', '127.0.0.1', 1517058685, _binary 0x5F5F63695F6C6173745F726567656E65726174657C693A313531373035383638353B),
	('92479a65f0d31b0bda5a4845c2e0aa5bbdd5840d', '127.0.0.1', 1516600017, _binary 0x5F5F63695F6C6173745F726567656E65726174657C693A313531363630303031373B),
	('9329d4128e3a890536287893d6cb9ef73fb32b73', '127.0.0.1', 1516081887, _binary 0x5F5F63695F6C6173745F726567656E65726174657C693A313531363038313838373B69645F757365727C733A313A2231223B67726F75705F747970657C733A353A2261646D696E223B6C6F676765645F696E7C623A313B7269676874737C613A383A7B693A303B733A31313A226D616E6167655F6E657773223B693A313B733A31363A226D616E6167655F736974655F6D656E75223B693A323B733A31333A226D616E6167655F67726F757073223B693A333B733A31333A226D616E6167655F726967687473223B693A343B733A31393A226D616E6167655F67726F75705F726967687473223B693A353B733A31393A226D616E6167655F7374617469635F626C6F636B223B693A363B733A31353A226D616E6167655F73657474696E6773223B693A373B733A31323A226D616E6167655F7573657273223B7D),
	('95001df7d57cb473baa25ec40f9917c6ccef2997', '127.0.0.1', 1517059311, _binary 0x5F5F63695F6C6173745F726567656E65726174657C693A313531373035393331313B),
	('9675e5ce252e02d485d87bba75cbbca495b001e3', '127.0.0.1', 1517152483, _binary 0x5F5F63695F6C6173745F726567656E65726174657C693A313531373135323438333B),
	('97c54a5830ab8852cb39aa13fb5f028d6c366ecb', '127.0.0.1', 1516468152, _binary 0x5F5F63695F6C6173745F726567656E65726174657C693A313531363436383135323B),
	('984bd86c3b4cee8adfdb8a219964872b4d0398e8', '127.0.0.1', 1514438051, _binary 0x5F5F63695F6C6173745F726567656E65726174657C693A313531343433383035313B69645F757365727C733A313A2231223B67726F75705F747970657C733A353A2261646D696E223B6C6F676765645F696E7C623A313B7269676874737C613A383A7B693A303B733A31313A226D616E6167655F6E657773223B693A313B733A31363A226D616E6167655F736974655F6D656E75223B693A323B733A31333A226D616E6167655F67726F757073223B693A333B733A31333A226D616E6167655F726967687473223B693A343B733A31393A226D616E6167655F67726F75705F726967687473223B693A353B733A31393A226D616E6167655F7374617469635F626C6F636B223B693A363B733A31353A226D616E6167655F73657474696E6773223B693A373B733A31323A226D616E6167655F7573657273223B7D),
	('9a4158dd8a1e3bb95ff90076cf546184cd4e7f06', '127.0.0.1', 1514435955, _binary 0x5F5F63695F6C6173745F726567656E65726174657C693A313531343433353935323B69645F757365727C733A313A2231223B67726F75705F747970657C733A353A2261646D696E223B6C6F676765645F696E7C623A313B7269676874737C613A383A7B693A303B733A31313A226D616E6167655F6E657773223B693A313B733A31363A226D616E6167655F736974655F6D656E75223B693A323B733A31333A226D616E6167655F67726F757073223B693A333B733A31333A226D616E6167655F726967687473223B693A343B733A31393A226D616E6167655F67726F75705F726967687473223B693A353B733A31393A226D616E6167655F7374617469635F626C6F636B223B693A363B733A31353A226D616E6167655F73657474696E6773223B693A373B733A31323A226D616E6167655F7573657273223B7D),
	('9d3b1bfd1e41dbd981f33af1cdee09bb9d393270', '127.0.0.1', 1516079595, _binary 0x5F5F63695F6C6173745F726567656E65726174657C693A313531363037393539343B),
	('a201b8c28b0edfe7661a1a4dfcbe9facba16a364', '127.0.0.1', 1509989428, _binary 0x5F5F63695F6C6173745F726567656E65726174657C693A313530393938393432383B),
	('a23b1d0c69634d912443f6d813aae3c36ccf6d9c', '127.0.0.1', 1517167656, _binary 0x5F5F63695F6C6173745F726567656E65726174657C693A313531373136373635363B),
	('a2cf323350cae8f3b7a5d5aacf3c6b5b64c7c19e', '127.0.0.1', 1517058988, _binary 0x5F5F63695F6C6173745F726567656E65726174657C693A313531373035383938383B),
	('a2ed077a051c115487934b72713a4fc278a9e3fb', '127.0.0.1', 1509746436, _binary 0x5F5F63695F6C6173745F726567656E65726174657C693A313530393734363433363B69645F757365727C733A313A2231223B67726F75705F747970657C733A353A2261646D696E223B6C6F676765645F696E7C623A313B7269676874737C613A383A7B693A303B733A31313A226D616E6167655F6E657773223B693A313B733A31363A226D616E6167655F736974655F6D656E75223B693A323B733A31333A226D616E6167655F67726F757073223B693A333B733A31333A226D616E6167655F726967687473223B693A343B733A31393A226D616E6167655F67726F75705F726967687473223B693A353B733A31393A226D616E6167655F7374617469635F626C6F636B223B693A363B733A31353A226D616E6167655F73657474696E6773223B693A373B733A31323A226D616E6167655F7573657273223B7D),
	('a353da040e425f2ce247f084f42087fcd19af65b', '127.0.0.1', 1517148091, _binary 0x5F5F63695F6C6173745F726567656E65726174657C693A313531373134383039313B),
	('a6398a333c8fa1c6a278bea1a9475c57cfcf0aeb', '127.0.0.1', 1516019915, _binary 0x5F5F63695F6C6173745F726567656E65726174657C693A313531363031393931353B),
	('a8bc447e8e7b0a3542b07bee7b2b432b73df7a38', '127.0.0.1', 1514480790, _binary ''),
	('ab53f1d1c588380cd7de0a1551894517ef3e1062', '127.0.0.1', 1517150236, _binary 0x5F5F63695F6C6173745F726567656E65726174657C693A313531373135303233363B),
	('af23ea5592494627456468c40bb23dcde21b1fe5', '127.0.0.1', 1516024567, _binary 0x5F5F63695F6C6173745F726567656E65726174657C693A313531363032343536373B69645F757365727C733A313A2231223B67726F75705F747970657C733A353A2261646D696E223B6C6F676765645F696E7C623A313B7269676874737C613A383A7B693A303B733A31313A226D616E6167655F6E657773223B693A313B733A31363A226D616E6167655F736974655F6D656E75223B693A323B733A31333A226D616E6167655F67726F757073223B693A333B733A31333A226D616E6167655F726967687473223B693A343B733A31393A226D616E6167655F67726F75705F726967687473223B693A353B733A31393A226D616E6167655F7374617469635F626C6F636B223B693A363B733A31353A226D616E6167655F73657474696E6773223B693A373B733A31323A226D616E6167655F7573657273223B7D),
	('afb4e94d02887ac3971997d0dc041994d2aa46c9', '127.0.0.1', 1517237161, _binary 0x5F5F63695F6C6173745F726567656E65726174657C693A313531373233373136313B69645F757365727C733A313A2231223B67726F75705F747970657C733A353A2261646D696E223B6C6F676765645F696E7C623A313B7269676874737C613A383A7B693A303B733A31313A226D616E6167655F6E657773223B693A313B733A31363A226D616E6167655F736974655F6D656E75223B693A323B733A31333A226D616E6167655F67726F757073223B693A333B733A31333A226D616E6167655F726967687473223B693A343B733A31393A226D616E6167655F67726F75705F726967687473223B693A353B733A31393A226D616E6167655F7374617469635F626C6F636B223B693A363B733A31353A226D616E6167655F73657474696E6773223B693A373B733A31323A226D616E6167655F7573657273223B7D),
	('b0a6e6361415c10204347c6cbc0089b195596846', '127.0.0.1', 1517234289, _binary 0x5F5F63695F6C6173745F726567656E65726174657C693A313531373233343238393B69645F757365727C733A313A2231223B67726F75705F747970657C733A353A2261646D696E223B6C6F676765645F696E7C623A313B7269676874737C613A383A7B693A303B733A31313A226D616E6167655F6E657773223B693A313B733A31363A226D616E6167655F736974655F6D656E75223B693A323B733A31333A226D616E6167655F67726F757073223B693A333B733A31333A226D616E6167655F726967687473223B693A343B733A31393A226D616E6167655F67726F75705F726967687473223B693A353B733A31393A226D616E6167655F7374617469635F626C6F636B223B693A363B733A31353A226D616E6167655F73657474696E6773223B693A373B733A31323A226D616E6167655F7573657273223B7D),
	('b4ceb7ca72891a6c5c91ae65a90807ce9a2f51e2', '127.0.0.1', 1517060986, _binary 0x5F5F63695F6C6173745F726567656E65726174657C693A313531373036303938363B),
	('b7756ff18368748e82d7a9ac889e126cbd8494c8', '127.0.0.1', 1517149795, _binary 0x5F5F63695F6C6173745F726567656E65726174657C693A313531373134393739353B),
	('b9ba94f208abb35c2de618d64d9e04fdc358e318', '127.0.0.1', 1514480791, _binary 0x5F5F63695F6C6173745F726567656E65726174657C693A313531343438303739313B),
	('c2639c37c00f03cce92bc375faef678de57a0e97', '127.0.0.1', 1517058221, _binary 0x5F5F63695F6C6173745F726567656E65726174657C693A313531373035383232313B),
	('c4d44178892d2cd255d1657e2347121ce4be72d0', '127.0.0.1', 1517166476, _binary 0x5F5F63695F6C6173745F726567656E65726174657C693A313531373136363437363B),
	('c61c412bb2ad02c2dcaab2445071453381915eaf', '127.0.0.1', 1509748195, _binary 0x5F5F63695F6C6173745F726567656E65726174657C693A313530393734383139353B69645F757365727C733A313A2231223B67726F75705F747970657C733A353A2261646D696E223B6C6F676765645F696E7C623A313B7269676874737C613A383A7B693A303B733A31313A226D616E6167655F6E657773223B693A313B733A31363A226D616E6167655F736974655F6D656E75223B693A323B733A31333A226D616E6167655F67726F757073223B693A333B733A31333A226D616E6167655F726967687473223B693A343B733A31393A226D616E6167655F67726F75705F726967687473223B693A353B733A31393A226D616E6167655F7374617469635F626C6F636B223B693A363B733A31353A226D616E6167655F73657474696E6773223B693A373B733A31323A226D616E6167655F7573657273223B7D),
	('c7ee114b047c9a6e39a17ae973481e6c3a81273c', '127.0.0.1', 1517145783, _binary 0x5F5F63695F6C6173745F726567656E65726174657C693A313531373134353738333B),
	('c7efd7208ce172f58a686e48fb791a0b070f5b8c', '127.0.0.1', 1516474230, _binary 0x5F5F63695F6C6173745F726567656E65726174657C693A313531363437343233303B),
	('ce4f9c8afaea994942be1ee1aeec7f7a54ec6a80', '127.0.0.1', 1516025688, _binary 0x5F5F63695F6C6173745F726567656E65726174657C693A313531363032353638383B69645F757365727C733A313A2231223B67726F75705F747970657C733A353A2261646D696E223B6C6F676765645F696E7C623A313B7269676874737C613A383A7B693A303B733A31313A226D616E6167655F6E657773223B693A313B733A31363A226D616E6167655F736974655F6D656E75223B693A323B733A31333A226D616E6167655F67726F757073223B693A333B733A31333A226D616E6167655F726967687473223B693A343B733A31393A226D616E6167655F67726F75705F726967687473223B693A353B733A31393A226D616E6167655F7374617469635F626C6F636B223B693A363B733A31353A226D616E6167655F73657474696E6773223B693A373B733A31323A226D616E6167655F7573657273223B7D),
	('d2f0c73ab93a6cb4b01795226b1989c4803a2041', '127.0.0.1', 1514438783, _binary 0x5F5F63695F6C6173745F726567656E65726174657C693A313531343433383738333B69645F757365727C733A313A2231223B67726F75705F747970657C733A353A2261646D696E223B6C6F676765645F696E7C623A313B7269676874737C613A383A7B693A303B733A31313A226D616E6167655F6E657773223B693A313B733A31363A226D616E6167655F736974655F6D656E75223B693A323B733A31333A226D616E6167655F67726F757073223B693A333B733A31333A226D616E6167655F726967687473223B693A343B733A31393A226D616E6167655F67726F75705F726967687473223B693A353B733A31393A226D616E6167655F7374617469635F626C6F636B223B693A363B733A31353A226D616E6167655F73657474696E6773223B693A373B733A31323A226D616E6167655F7573657273223B7D),
	('d311f1bf2bf32502b2ea14f456131926b133d530', '127.0.0.1', 1516255451, _binary 0x5F5F63695F6C6173745F726567656E65726174657C693A313531363235353435313B),
	('d33ee2956e2cad82cc0d1a669a7b66438f7af08c', '127.0.0.1', 1517237161, _binary 0x5F5F63695F6C6173745F726567656E65726174657C693A313531373233373136303B69645F757365727C733A313A2231223B67726F75705F747970657C733A353A2261646D696E223B6C6F676765645F696E7C623A313B7269676874737C613A383A7B693A303B733A31313A226D616E6167655F6E657773223B693A313B733A31363A226D616E6167655F736974655F6D656E75223B693A323B733A31333A226D616E6167655F67726F757073223B693A333B733A31333A226D616E6167655F726967687473223B693A343B733A31393A226D616E6167655F67726F75705F726967687473223B693A353B733A31393A226D616E6167655F7374617469635F626C6F636B223B693A363B733A31353A226D616E6167655F73657474696E6773223B693A373B733A31323A226D616E6167655F7573657273223B7D),
	('d3e29ff409cda64ca89eccd7353d75ca1fd7ab66', '127.0.0.1', 1516459923, _binary 0x5F5F63695F6C6173745F726567656E65726174657C693A313531363435393932333B),
	('da0361e5fbb9004ef2332888d96d305ff492b777', '127.0.0.1', 1517056802, _binary 0x5F5F63695F6C6173745F726567656E65726174657C693A313531373035363830323B),
	('db69e1124244fa8e4d3f8e70ea2406c491091c38', '127.0.0.1', 1514404971, _binary 0x5F5F63695F6C6173745F726567656E65726174657C693A313531343430343937303B),
	('dbc69e2ac7885e8dcc89dca390826dcf9875a92d', '127.0.0.1', 1516457499, _binary 0x5F5F63695F6C6173745F726567656E65726174657C693A313531363435373439393B),
	('e56a2a7c86d0f9cafd2b1137f35833afb96bf59c', '127.0.0.1', 1516469639, _binary 0x5F5F63695F6C6173745F726567656E65726174657C693A313531363436393633393B),
	('e69df3d427901eeb3251741dd06adcee4633056e', '127.0.0.1', 1517063014, _binary 0x5F5F63695F6C6173745F726567656E65726174657C693A313531373036333031343B),
	('e762393f27b20bd53af3716ff22fd3d85bc8e607', '127.0.0.1', 1517060192, _binary 0x5F5F63695F6C6173745F726567656E65726174657C693A313531373036303139323B),
	('e84f9d77e7dbac9f9c6741d8f93915c99e90cd96', '127.0.0.1', 1514436405, _binary 0x5F5F63695F6C6173745F726567656E65726174657C693A313531343433363430353B69645F757365727C733A313A2231223B67726F75705F747970657C733A353A2261646D696E223B6C6F676765645F696E7C623A313B7269676874737C613A383A7B693A303B733A31313A226D616E6167655F6E657773223B693A313B733A31363A226D616E6167655F736974655F6D656E75223B693A323B733A31333A226D616E6167655F67726F757073223B693A333B733A31333A226D616E6167655F726967687473223B693A343B733A31393A226D616E6167655F67726F75705F726967687473223B693A353B733A31393A226D616E6167655F7374617469635F626C6F636B223B693A363B733A31353A226D616E6167655F73657474696E6773223B693A373B733A31323A226D616E6167655F7573657273223B7D),
	('ea3e73d3f6c54f920b671a14ae14d850741495e8', '127.0.0.1', 1514439470, _binary 0x5F5F63695F6C6173745F726567656E65726174657C693A313531343433393437303B69645F757365727C733A313A2231223B67726F75705F747970657C733A353A2261646D696E223B6C6F676765645F696E7C623A313B7269676874737C613A383A7B693A303B733A31313A226D616E6167655F6E657773223B693A313B733A31363A226D616E6167655F736974655F6D656E75223B693A323B733A31333A226D616E6167655F67726F757073223B693A333B733A31333A226D616E6167655F726967687473223B693A343B733A31393A226D616E6167655F67726F75705F726967687473223B693A353B733A31393A226D616E6167655F7374617469635F626C6F636B223B693A363B733A31353A226D616E6167655F73657474696E6773223B693A373B733A31323A226D616E6167655F7573657273223B7D),
	('eab7516fc3103ba12956ac70fcce05865ecac70c', '127.0.0.1', 1516080238, _binary 0x5F5F63695F6C6173745F726567656E65726174657C693A313531363038303233383B),
	('ebe605baae98fac3e41821cf6ee238ced1dcb4e9', '127.0.0.1', 1514439169, _binary 0x5F5F63695F6C6173745F726567656E65726174657C693A313531343433393136393B69645F757365727C733A313A2231223B67726F75705F747970657C733A353A2261646D696E223B6C6F676765645F696E7C623A313B7269676874737C613A383A7B693A303B733A31313A226D616E6167655F6E657773223B693A313B733A31363A226D616E6167655F736974655F6D656E75223B693A323B733A31333A226D616E6167655F67726F757073223B693A333B733A31333A226D616E6167655F726967687473223B693A343B733A31393A226D616E6167655F67726F75705F726967687473223B693A353B733A31393A226D616E6167655F7374617469635F626C6F636B223B693A363B733A31353A226D616E6167655F73657474696E6773223B693A373B733A31323A226D616E6167655F7573657273223B7D),
	('f1b7db93ae200eb1ef53de9dbf3245e6d190e04c', '127.0.0.1', 1516081249, _binary 0x5F5F63695F6C6173745F726567656E65726174657C693A313531363038313234393B69645F757365727C733A313A2231223B67726F75705F747970657C733A353A2261646D696E223B6C6F676765645F696E7C623A313B7269676874737C613A383A7B693A303B733A31313A226D616E6167655F6E657773223B693A313B733A31363A226D616E6167655F736974655F6D656E75223B693A323B733A31333A226D616E6167655F67726F757073223B693A333B733A31333A226D616E6167655F726967687473223B693A343B733A31393A226D616E6167655F67726F75705F726967687473223B693A353B733A31393A226D616E6167655F7374617469635F626C6F636B223B693A363B733A31353A226D616E6167655F73657474696E6773223B693A373B733A31323A226D616E6167655F7573657273223B7D),
	('f713d2d09df64de49cac7de7186bd734e698deeb', '127.0.0.1', 1516783621, _binary 0x5F5F63695F6C6173745F726567656E65726174657C693A313531363738333631393B),
	('f7fd0e0f8e070a3b8b22edddb2b5470e67b69d21', '127.0.0.1', 1516026116, _binary 0x5F5F63695F6C6173745F726567656E65726174657C693A313531363032363131363B69645F757365727C733A313A2231223B67726F75705F747970657C733A353A2261646D696E223B6C6F676765645F696E7C623A313B7269676874737C613A383A7B693A303B733A31313A226D616E6167655F6E657773223B693A313B733A31363A226D616E6167655F736974655F6D656E75223B693A323B733A31333A226D616E6167655F67726F757073223B693A333B733A31333A226D616E6167655F726967687473223B693A343B733A31393A226D616E6167655F67726F75705F726967687473223B693A353B733A31393A226D616E6167655F7374617469635F626C6F636B223B693A363B733A31353A226D616E6167655F73657474696E6773223B693A373B733A31323A226D616E6167655F7573657273223B7D),
	('fb0afb68354c9679a65af67fb66bf85f71276931', '127.0.0.1', 1516459477, _binary 0x5F5F63695F6C6173745F726567656E65726174657C693A313531363435393437363B),
	('fd76305c92cc5bfbfabe7855145690cdbf941921', '127.0.0.1', 1511596111, _binary 0x5F5F63695F6C6173745F726567656E65726174657C693A313531313539363131313B);
/*!40000 ALTER TABLE `ci_sessions` ENABLE KEYS */;


-- Дамп структуры для таблица vefasistem.locations
CREATE TABLE IF NOT EXISTS `locations` (
  `id_location` int(11) NOT NULL AUTO_INCREMENT,
  `location_city_ro` varchar(50) NOT NULL,
  `location_city_en` varchar(50) NOT NULL,
  `location_city_ru` varchar(50) NOT NULL,
  `location_address_ro` varchar(200) NOT NULL,
  `location_address_en` varchar(200) NOT NULL,
  `location_address_ru` varchar(200) NOT NULL,
  `location_phone` varchar(50) NOT NULL,
  `location_fax` varchar(50) NOT NULL,
  `location_email` varchar(50) NOT NULL,
  `location_latitude` varchar(20) NOT NULL,
  `location_longitude` varchar(20) NOT NULL,
  PRIMARY KEY (`id_location`)
) ENGINE=InnoDB AUTO_INCREMENT=9 DEFAULT CHARSET=utf8;

-- Дамп данных таблицы vefasistem.locations: ~8 rows (приблизительно)
DELETE FROM `locations`;
/*!40000 ALTER TABLE `locations` DISABLE KEYS */;
INSERT INTO `locations` (`id_location`, `location_city_ro`, `location_city_en`, `location_city_ru`, `location_address_ro`, `location_address_en`, `location_address_ru`, `location_phone`, `location_fax`, `location_email`, `location_latitude`, `location_longitude`) VALUES
	(1, 'Balti', 'Balti', 'Бельцы', 'str. Kiev 14а', 'str. Kiev 14а', 'ул. Киевская 14А', '+373 231 9 40 30, +373 231 6 66 25', '+373 231 9 40 30', 'vefasistem@yandex.ru', '47.77065672568506', '27.929177284240726'),
	(2, 'Drochia', 'Drochia', 'Дрокия', 'str. 27 august of. 34', 'str. 27 august of. 34', 'ул. 27 Августа, оф. 34', '+373 060668942', '+373 231 9 40 30', 'drochia@vefasistem.md', '48.03627182620086', '27.81418561935425'),
	(3, 'Briceni', 'Briceni', 'Бричаны', 'str. M.Eminescu, 17G', 'str. M.Eminescu, 17G', 'ул. М. Еминеску, 17Г', '+373 060668943', '+373 231 9 40 30', 'briceni@vefasistem.md', '48.358729958491914', '27.094752788543705'),
	(4, 'Glodeni', 'Glodeni', 'Glodeni', 'str. Suveranitatii 17', 'str. Suveranitatii 17', 'str. Suveranitatii 17', '+373 060668941', '+373 231 9 40 30', 'glodeni@vefasistem.md', '47.772008742407166', '27.51497983932495'),
	(5, 'Ocnita', 'Ocnita', 'Ocnita', 'str. 50 Ani Victoriei, 17', 'str. 50 Ani Victoriei, 17', 'str. 50 Ani Victoriei, 17', '+373 060668944', '+373 231 9 40 30', 'ocnita@vefasistem.md', '48.40622213766386', '27.48710632324219'),
	(6, 'Edinet', 'Edinet', 'Edinet', 'str. Alexandru cel Bun 107', 'str. Alexandru cel Bun 107', 'str. Alexandru cel Bun 107', '+373 060668951', '+373 231 9 40 30', 'edinet@vefasistem.md', '48.1693197614919', '27.302559614181522'),
	(7, 'Soldanesti', 'Soldanesti', 'Soldanesti', 'str. Victoriei, 1', 'str. Victoriei, 1', 'str. Victoriei, 1', '+373 060806695', '+373 231 9 40 30', 'soldanesti@vefasistem.md', '47.81671724561009', '28.800047636032108'),
	(8, 'Rezina', 'Rezina', 'Rezina', 'str. Alexei Sciusev', 'str. Alexei Sciusev', 'str. Alexei Sciusev', '+373 060668942', '+373 231 9 40 30', 'rezina@vefasistem.md', '47.746920405239244', '28.95997703075409');
/*!40000 ALTER TABLE `locations` ENABLE KEYS */;


-- Дамп структуры для таблица vefasistem.menu
CREATE TABLE IF NOT EXISTS `menu` (
  `id_menu` int(11) NOT NULL AUTO_INCREMENT,
  `menu_title` varchar(100) NOT NULL,
  `menu_elements` text NOT NULL,
  `menu_visible` tinyint(1) NOT NULL DEFAULT '1',
  PRIMARY KEY (`id_menu`)
) ENGINE=InnoDB DEFAULT CHARSET=utf8;

-- Дамп данных таблицы vefasistem.menu: ~0 rows (приблизительно)
DELETE FROM `menu`;
/*!40000 ALTER TABLE `menu` DISABLE KEYS */;
/*!40000 ALTER TABLE `menu` ENABLE KEYS */;


-- Дамп структуры для таблица vefasistem.news
CREATE TABLE IF NOT EXISTS `news` (
  `id_news` int(11) NOT NULL AUTO_INCREMENT,
  `news_title` varchar(250) NOT NULL,
  `mk` varchar(250) NOT NULL,
  `md` varchar(250) NOT NULL,
  `url` varchar(250) NOT NULL,
  `news_description` text NOT NULL,
  `news_small_description` varchar(500) NOT NULL,
  `news_photo` varchar(50) NOT NULL,
  `news_date` timestamp NOT NULL DEFAULT CURRENT_TIMESTAMP ON UPDATE CURRENT_TIMESTAMP,
  `news_visible` tinyint(1) NOT NULL DEFAULT '1',
  PRIMARY KEY (`id_news`)
) ENGINE=InnoDB AUTO_INCREMENT=2 DEFAULT CHARSET=utf8;

-- Дамп данных таблицы vefasistem.news: ~1 rows (приблизительно)
DELETE FROM `news`;
/*!40000 ALTER TABLE `news` DISABLE KEYS */;
INSERT INTO `news` (`id_news`, `news_title`, `mk`, `md`, `url`, `news_description`, `news_small_description`, `news_photo`, `news_date`, `news_visible`) VALUES
	(1, 'Proin eget tortor risus', 'Proin eget tortor risus', 'Proin eget tortor risus', 'proin-eget-tortor-risus', '<p>Proin eget tortor risus. Praesent sapien massa, convallis a pellentesque nec, egestas non nisi. Curabitur non nulla sit amet nisl tempus convallis quis ac lectus. Mauris blandit aliquet elit, eget tincidunt nibh pulvinar a. Lorem ipsum dolor sit amet, consectetur adipiscing elit. Praesent sapien massa, convallis a pellentesque nec, egestas non nisi. Pellentesque in ipsum id orci porta dapibus. Sed porttitor lectus nibh. Pellentesque in ipsum id orci porta dapibus. Nulla porttitor accumsan tincidunt.</p>', 'Proin eget tortor risus. Praesent sapien massa, convallis a pellentesque nec, egestas non nisi.', '590c7dfcd3729.jpg', '2017-10-31 16:53:57', 0);
/*!40000 ALTER TABLE `news` ENABLE KEYS */;


-- Дамп структуры для таблица vefasistem.pages
CREATE TABLE IF NOT EXISTS `pages` (
  `id_page` int(11) NOT NULL AUTO_INCREMENT,
  `page_title` varchar(250) NOT NULL,
  `mk` varchar(250) NOT NULL,
  `md` varchar(250) NOT NULL,
  `url` varchar(250) NOT NULL,
  `page_description` longtext NOT NULL,
  `page_date` timestamp NOT NULL DEFAULT CURRENT_TIMESTAMP ON UPDATE CURRENT_TIMESTAMP,
  `page_visible` tinyint(1) NOT NULL DEFAULT '1',
  PRIMARY KEY (`id_page`)
) ENGINE=InnoDB DEFAULT CHARSET=utf8;

-- Дамп данных таблицы vefasistem.pages: ~0 rows (приблизительно)
DELETE FROM `pages`;
/*!40000 ALTER TABLE `pages` DISABLE KEYS */;
/*!40000 ALTER TABLE `pages` ENABLE KEYS */;


-- Дамп структуры для таблица vefasistem.products
CREATE TABLE IF NOT EXISTS `products` (
  `id_product` int(11) NOT NULL AUTO_INCREMENT,
  `product_title_ru` varchar(250) NOT NULL,
  `product_title_ro` varchar(250) NOT NULL,
  `product_title_en` varchar(250) NOT NULL,
  `product_text_ru` text NOT NULL,
  `product_text_ro` text NOT NULL,
  `product_text_en` text NOT NULL,
  `product_photo` varchar(50) NOT NULL,
  `products_date` timestamp NOT NULL DEFAULT CURRENT_TIMESTAMP ON UPDATE CURRENT_TIMESTAMP,
  `product_active` tinyint(1) NOT NULL DEFAULT '1',
  PRIMARY KEY (`id_product`)
) ENGINE=InnoDB AUTO_INCREMENT=8 DEFAULT CHARSET=utf8;

-- Дамп данных таблицы vefasistem.products: ~6 rows (приблизительно)
DELETE FROM `products`;
/*!40000 ALTER TABLE `products` DISABLE KEYS */;
INSERT INTO `products` (`id_product`, `product_title_ru`, `product_title_ro`, `product_title_en`, `product_text_ru`, `product_text_ro`, `product_text_en`, `product_photo`, `products_date`, `product_active`) VALUES
	(1, 'Окна в квартиру и дом', 'Ferestre', 'Ferestre', '<p>окна в квартиру и дом</p>', '<p>Ferestre pentru apartament si casa</p>', '<p>Ferestre</p>', '59fc6ee91284b.jpg', '2018-01-16 07:46:36', 1),
	(3, 'раздвижные системы', 'раздвижные системы', 'раздвижные системы', '<p>раздвижные системы</p>', '<p>раздвижные системы</p>', '<p>раздвижные системы</p>', '59fc999e405c8.jpg', '2018-01-16 07:59:48', 1),
	(4, 'Балконы', 'Балконы', 'Балконы', '<p>Балконы</p>', '<p>Балконы</p>', '<p>Балконы</p>', '59fc99b489360.jpg', '2018-01-16 07:59:50', 1),
	(5, 'секционные ворота', 'секционные ворота', 'секционные ворота', '<p>секционные ворота</p>', '<p>секционные ворота</p>', '<p>секционные ворота</p>', '59fc99c96914c.jpg', '2018-01-16 07:59:53', 1),
	(6, 'защитные ролеты', 'защитные ролеты', 'защитные ролеты', '<p>защитные ролеты</p>', '<p>защитные ролеты</p>', '<p>защитные ролеты</p>', '59fc99e5be4ee.jpg', '2018-01-16 07:59:55', 1),
	(7, 'натяжные потолки', 'натяжные потолки', 'натяжные потолки', '<p>натяжные потолки</p>', '<p>натяжные потолки</p>', '<p>натяжные потолки</p>', '59fc99f905c57.jpg', '2018-01-16 07:59:57', 1);
/*!40000 ALTER TABLE `products` ENABLE KEYS */;


-- Дамп структуры для таблица vefasistem.settings
CREATE TABLE IF NOT EXISTS `settings` (
  `id` int(11) NOT NULL AUTO_INCREMENT,
  `setting_alias` varchar(100) NOT NULL,
  `setting_value` varchar(500) NOT NULL,
  `setting_title` varchar(100) NOT NULL,
  PRIMARY KEY (`id`),
  UNIQUE KEY `setting_alias` (`setting_alias`),
  KEY `id` (`id`)
) ENGINE=MyISAM AUTO_INCREMENT=83 DEFAULT CHARSET=utf8;

-- Дамп данных таблицы vefasistem.settings: 4 rows
DELETE FROM `settings`;
/*!40000 ALTER TABLE `settings` DISABLE KEYS */;
INSERT INTO `settings` (`id`, `setting_alias`, `setting_value`, `setting_title`) VALUES
	(1, 'default_title', 'Vefasistem', 'Название сайта'),
	(4, 'admin_email', 'admin@admin.com', 'Email администратора'),
	(6, 'mk', 'Vefasistem', 'Meta keywords по умолчанию'),
	(9, 'md', 'Vefasistem', 'Meta description по умолчанию');
/*!40000 ALTER TABLE `settings` ENABLE KEYS */;


-- Дамп структуры для таблица vefasistem.static_block
CREATE TABLE IF NOT EXISTS `static_block` (
  `id_block` int(11) NOT NULL AUTO_INCREMENT,
  `block_title_ru` varchar(100) NOT NULL,
  `block_title_ro` varchar(100) NOT NULL,
  `block_title_en` varchar(100) NOT NULL,
  `block_text_ru` longtext NOT NULL,
  `block_text_ro` longtext NOT NULL,
  `block_text_en` longtext NOT NULL,
  `block_alias` varchar(100) NOT NULL,
  PRIMARY KEY (`id_block`),
  KEY `block_alias` (`block_alias`)
) ENGINE=InnoDB AUTO_INCREMENT=5 DEFAULT CHARSET=utf8;

-- Дамп данных таблицы vefasistem.static_block: ~3 rows (приблизительно)
DELETE FROM `static_block`;
/*!40000 ALTER TABLE `static_block` DISABLE KEYS */;
INSERT INTO `static_block` (`id_block`, `block_title_ru`, `block_title_ro`, `block_title_en`, `block_text_ru`, `block_text_ro`, `block_text_en`, `block_alias`) VALUES
	(2, 'Бесплатный замер', 'Masuram gratis', 'Masuram gratis', '<p>Как только Вы изъявите желание приобрести новое окно (или новую дверь), к Вам выедет наш инженер, который не только сделает все необходимые замеры, но и поможет выбрать оптимальный тип окна, который идеально подойдёт для того или иного вашего помещения.</p>', '<p>Как только Вы изъявите желание приобрести новое окно (или новую дверь), к Вам выедет наш инженер, который не только сделает все необходимые замеры, но и поможет выбрать оптимальный тип окна, который идеально подойдёт для того или иного вашего помещения. ro</p>', '<p>Как только Вы изъявите желание приобрести новое окно (или новую дверь), к Вам выедет наш инженер, который не только сделает все необходимые замеры, но и поможет выбрать оптимальный тип окна, который идеально подойдёт для того или иного вашего помещения. ro</p>', 'free_measurement'),
	(3, 'Собственное производство', 'Собственное производство ro', 'Собственное производство en', '<p>Сделав заказ, Вы можете быть уверены, что Ваше окно будет сделано на самом большом оконном заводе на севере Республики Молдова. Делать его будут высококвалифицированные специалисты с помощью самого современного оборудования, использую при этом только самый качественный немецкий профиль.</p>', '<p>Сделав заказ, Вы можете быть уверены, что Ваше окно будет сделано на самом большом оконном заводе на севере Республики Молдова. Делать его будут высококвалифицированные специалисты с помощью самого современного оборудования, использую при этом только самый качественный немецкий профиль.</p>', '<p>Собственное производство en</p>', 'own_production'),
	(4, 'Быстрый монтаж', 'Быстрый монтаж', 'Быстрый монтаж', '<p>Одновременно с Вашим заказом к Вам приедет команда наших профессионалов, которые быстро и качественно установят ваше новое окно (демонтаж старых оконных и дверных конструкций включён в стоимость заказа).</p>', '<p>Одновременно с Вашим заказом к Вам приедет команда наших профессионалов, которые быстро и качественно установят ваше новое окно (демонтаж старых оконных и дверных конструкций включён в стоимость заказа).</p>', '<p>Одновременно с Вашим заказом к Вам приедет команда наших профессионалов, которые быстро и качественно установят ваше новое окно (демонтаж старых оконных и дверных конструкций включён в стоимость заказа).</p>', 'quick_installation');
/*!40000 ALTER TABLE `static_block` ENABLE KEYS */;


-- Дамп структуры для таблица vefasistem.users
CREATE TABLE IF NOT EXISTS `users` (
  `id` int(11) unsigned NOT NULL AUTO_INCREMENT,
  `id_group` int(11) unsigned NOT NULL DEFAULT '0',
  `user_login` varchar(50) NOT NULL,
  `user_pass` varchar(64) NOT NULL,
  `user_nicename` varchar(64) NOT NULL,
  `user_email` varchar(50) NOT NULL,
  `user_phone` varchar(50) NOT NULL,
  `user_address` varchar(250) NOT NULL,
  `user_categories_access` text NOT NULL,
  `activation_key` varchar(64) NOT NULL,
  `reset_key` varchar(64) NOT NULL,
  `registered_date` datetime NOT NULL DEFAULT '0000-00-00 00:00:00',
  `status` tinyint(1) NOT NULL DEFAULT '0',
  `user_banned` tinyint(1) NOT NULL DEFAULT '0',
  PRIMARY KEY (`id`)
) ENGINE=InnoDB AUTO_INCREMENT=9 DEFAULT CHARSET=utf8;

-- Дамп данных таблицы vefasistem.users: ~2 rows (приблизительно)
DELETE FROM `users`;
/*!40000 ALTER TABLE `users` DISABLE KEYS */;
INSERT INTO `users` (`id`, `id_group`, `user_login`, `user_pass`, `user_nicename`, `user_email`, `user_phone`, `user_address`, `user_categories_access`, `activation_key`, `reset_key`, `registered_date`, `status`, `user_banned`) VALUES
	(1, 1, 'admin', '21232f297a57a5a743894a0e4a801fc3', 'admin', 'admin@admin.com', '', '', '', '', '', '2012-10-06 14:49:46', 1, 0),
	(8, 2, 'test', '4297f44b13955235245b2497399d7a93', 'test', 'test@gmail.com', '9732489', '', '', '561b036d332199e67f1582a3fffd404f', '4d75720d690bb3b789c901f827085b59', '2017-11-03 11:22:35', 1, 0);
/*!40000 ALTER TABLE `users` ENABLE KEYS */;


-- Дамп структуры для таблица vefasistem.users_groups
CREATE TABLE IF NOT EXISTS `users_groups` (
  `id_group` int(11) NOT NULL AUTO_INCREMENT,
  `group_type` enum('admin','moderator','user') NOT NULL DEFAULT 'user',
  `group_name` varchar(250) NOT NULL,
  `group_price_variant` int(11) NOT NULL DEFAULT '0',
  `group_price_type` enum('static','dynamic') NOT NULL DEFAULT 'static',
  `group_aditional_fields` text NOT NULL,
  PRIMARY KEY (`id_group`)
) ENGINE=InnoDB AUTO_INCREMENT=3 DEFAULT CHARSET=utf8;

-- Дамп данных таблицы vefasistem.users_groups: ~2 rows (приблизительно)
DELETE FROM `users_groups`;
/*!40000 ALTER TABLE `users_groups` DISABLE KEYS */;
INSERT INTO `users_groups` (`id_group`, `group_type`, `group_name`, `group_price_variant`, `group_price_type`, `group_aditional_fields`) VALUES
	(1, 'admin', 'Администратор', 0, 'static', ''),
	(2, 'user', 'Клиент', 0, 'static', '');
/*!40000 ALTER TABLE `users_groups` ENABLE KEYS */;


-- Дамп структуры для таблица vefasistem.users_groups_rights
CREATE TABLE IF NOT EXISTS `users_groups_rights` (
  `id_group` int(11) NOT NULL DEFAULT '0',
  `id_right` int(11) NOT NULL DEFAULT '0',
  KEY `id_group` (`id_group`),
  KEY `id_right` (`id_right`)
) ENGINE=InnoDB DEFAULT CHARSET=utf8;

-- Дамп данных таблицы vefasistem.users_groups_rights: ~8 rows (приблизительно)
DELETE FROM `users_groups_rights`;
/*!40000 ALTER TABLE `users_groups_rights` DISABLE KEYS */;
INSERT INTO `users_groups_rights` (`id_group`, `id_right`) VALUES
	(1, 1),
	(1, 16),
	(1, 24),
	(1, 25),
	(1, 26),
	(1, 14),
	(1, 17),
	(1, 22);
/*!40000 ALTER TABLE `users_groups_rights` ENABLE KEYS */;


-- Дамп структуры для таблица vefasistem.users_rights
CREATE TABLE IF NOT EXISTS `users_rights` (
  `id_right` int(11) NOT NULL AUTO_INCREMENT,
  `right_alias` varchar(50) NOT NULL,
  `right_name` varchar(250) NOT NULL,
  `right_cant_delete` tinyint(1) NOT NULL DEFAULT '0',
  PRIMARY KEY (`id_right`)
) ENGINE=InnoDB AUTO_INCREMENT=27 DEFAULT CHARSET=utf8;

-- Дамп данных таблицы vefasistem.users_rights: ~9 rows (приблизительно)
DELETE FROM `users_rights`;
/*!40000 ALTER TABLE `users_rights` DISABLE KEYS */;
INSERT INTO `users_rights` (`id_right`, `right_alias`, `right_name`, `right_cant_delete`) VALUES
	(1, 'manage_news', 'Добавление и редактирование новостей', 0),
	(14, 'manage_static_block', 'Управлять статическими блоками', 0),
	(16, 'manage_site_menu', 'Управлять меню сайта', 0),
	(17, 'manage_settings', 'Менять настройки сайта', 0),
	(22, 'manage_users', 'Управлять пользователями', 0),
	(23, 'manage_moderators', 'Управлять модераторами', 0),
	(24, 'manage_groups', 'Управлять группами пользователей', 0),
	(25, 'manage_rights', 'Управлять правами пользователей', 0),
	(26, 'manage_group_rights', 'Управлять правами по группам', 0);
/*!40000 ALTER TABLE `users_rights` ENABLE KEYS */;


-- Дамп структуры для таблица vefasistem.video
CREATE TABLE IF NOT EXISTS `video` (
  `id_video` int(11) NOT NULL AUTO_INCREMENT,
  `video_title_ru` varchar(100) NOT NULL,
  `video_title_ro` varchar(100) NOT NULL,
  `video_title_en` varchar(100) NOT NULL,
  `video_text_ru` longtext NOT NULL,
  `video_text_ro` longtext NOT NULL,
  `video_text_en` longtext NOT NULL,
  PRIMARY KEY (`id_video`)
) ENGINE=InnoDB AUTO_INCREMENT=9 DEFAULT CHARSET=utf8 ROW_FORMAT=COMPACT;

-- Дамп данных таблицы vefasistem.video: ~2 rows (приблизительно)
DELETE FROM `video`;
/*!40000 ALTER TABLE `video` DISABLE KEYS */;
INSERT INTO `video` (`id_video`, `video_title_ru`, `video_title_ro`, `video_title_en`, `video_text_ru`, `video_text_ro`, `video_text_en`) VALUES
	(1, 'Большие поверхности', 'Suprafețe mari', 'Large surfaces', '<p><span style="font-size: 20px;">Переопределение условий жизни. Trocal 76.</span></p>\r\n<p>Новые окна и двери дарят будущее Вашему дому. TROCAL 76 принесёт Вам одновременно прочность, долговечность и устойчивость. Попробовав, Вы увидите, как новые окна могут изменить Вашу жизнь.</p>\r\n<p>Большие окна приносят больше света, а вместе с тем улучшают качество жизни. Благодаря высокой стабильности профиля, новая 76-миллиметровая система идеально подходит для больших помещений, добавляя в них больше солнечного света и уменьшая Ваши расходы на отопление.</p>', '<p><span style="font-size: 20px;">Redefinirea mediilor de viață. Trocal 76.</span></p>\r\n<p>Ferestrele şi uşile noi aduc viitorul &icirc;n casa ta. TROCAL 76 &icirc;ţi aduce un plus de calitate, durabilitate şi stabilitate. &Icirc;ncearcă şi tu, şi vei vedea cum noile tale ferestre &icirc;ţi vor schimba viaţa.</p>\r\n<p>Geamurile mari aduc mai multă lumină, &icirc;mbunătăţind&nbsp; totodată calitatea vieţii. Datorită stabilităţii ridicate a profilului, noul sistem de 76 milimetri este perfect pentru &icirc;ncăperile mari, aduc&acirc;nd un plus de lumină şi reduc&acirc;nd substanţial costurile de &icirc;ncălzire.</p>', '<p><span style="font-size: 20px;">Redefining living environments. TROCAL&nbsp;76.</span></p>\r\n<p>TROCAL 76 helps you to fulfil your dream of a light-flooded living environment. It has a new, innovative system technology which delivers high static stability in windows that have large glass surfaces or modern functional glazing.</p>\r\n<p>Not only does it create a light-filled environment, it also makes optimum use of sunlight incidence to reduce heating costs, even when the weather outside is cold.</p>\r\n<p>TROCAL 76 helps building owners and architects to create a more beautiful, inviting and sunnier environment in both new builds and home renovations.</p>\r\n<ul>\r\n<li>Intelligent profile design for optimised window stability.</li>\r\n<li>Narrow profiles enlarge the surface area and maximise light incidence.</li>\r\n<li>Higher solar energy gains additionally reduce heating costs.</li>\r\n</ul>\r\n<p>Higher solar energy gains additionally reduce heating costs.</p>'),
	(2, '2', '', '', '', '', ''),
	(3, '3', '', '', '', '', ''),
	(4, '4', '', '', '', '', ''),
	(5, '5', '', '', '', '', ''),
	(6, '6', '', '', '', '', ''),
	(7, '7', '', '', '', '', ''),
	(8, '8', '', '', '', '', '');
/*!40000 ALTER TABLE `video` ENABLE KEYS */;


-- Дамп структуры для таблица vefasistem.windows
CREATE TABLE IF NOT EXISTS `windows` (
  `id_window` int(11) NOT NULL AUTO_INCREMENT,
  `window_title_ru` varchar(250) NOT NULL,
  `window_title_ro` varchar(250) NOT NULL,
  `window_title_en` varchar(250) NOT NULL,
  `window_stext_ru` varchar(250) NOT NULL,
  `window_stext_ro` varchar(250) NOT NULL,
  `window_stext_en` varchar(250) NOT NULL,
  `window_text_ro` text NOT NULL,
  `window_text_ru` text NOT NULL,
  `window_text_en` text NOT NULL,
  `window_photo` varchar(50) NOT NULL,
  `window_date` timestamp NOT NULL DEFAULT CURRENT_TIMESTAMP ON UPDATE CURRENT_TIMESTAMP,
  `window_active` tinyint(1) NOT NULL DEFAULT '1',
  PRIMARY KEY (`id_window`)
) ENGINE=InnoDB AUTO_INCREMENT=11 DEFAULT CHARSET=utf8 ROW_FORMAT=COMPACT;

-- Дамп данных таблицы vefasistem.windows: ~8 rows (приблизительно)
DELETE FROM `windows`;
/*!40000 ALTER TABLE `windows` DISABLE KEYS */;
INSERT INTO `windows` (`id_window`, `window_title_ru`, `window_title_ro`, `window_title_en`, `window_stext_ru`, `window_stext_ro`, `window_stext_en`, `window_text_ro`, `window_text_ru`, `window_text_en`, `window_photo`, `window_date`, `window_active`) VALUES
	(3, 'Clasic 58', 'Clasic 58', 'Clasic 58', '3-х камерная система<br />\r\nширина 58 мм', 'sistem de 3 camere<br />\r\nlatime 58 mm', 'sistem de 3 camere<br />\r\nlatime 58 mm', '<p>sistem de 3 camere<br />latime 58 mm</p>', '<p><img style="float: left; margin-right: 15px; margin-bottom: 15px;" src="/files/uploads/trocal_76/76md.png" alt="" width="360" height="512" />3-х камерная система<br />ширина 58 мм</p>\r\n<p>Suspendisse faucibus, nunc et pellentesque egestas, lacus ante convallis tellus, vitae iaculis lacus elit id tortor. Cras non dolor. Aenean viverra rhoncus pede. Proin viverra, ligula sit amet ultrices semper, ligula arcu tristique sapien, a accumsan nisi mauris ac eros. Ut varius tincidunt libero.</p>\r\n<p>Praesent egestas tristique nibh. Nullam dictum felis eu pede mollis pretium. Nunc nec neque. Etiam imperdiet imperdiet orci. Etiam sit amet orci eget eros faucibus tincidunt.</p>\r\n<p>Pellentesque posuere. Cras dapibus. Suspendisse non nisl sit amet velit hendrerit rutrum. Vivamus elementum semper nisi. Proin pretium, leo ac pellentesque mollis, felis nunc ultrices eros, sed gravida augue augue mollis justo.</p>', '<p>sistem de 3 camere<br />latime 58 mm</p>', '59fc80e9b978a.png', '2018-01-16 07:51:25', 1),
	(4, 'Classic 70', 'Classic 70', 'Classic 70', '6-ти камерная система<br />\r\nширина 70 мм', '6-ти камерная система<br />\r\nширина 70 мм', '6-ти камерная система<br />\r\nширина 70 мм', '<p>6-ти камерная система<br />ширина 70 мм</p>', '<p>6-ти камерная система<br />ширина 70 мм</p>', '<p>6-ти камерная система<br />ширина 70 мм</p>', '5a009a90581ee.png', '2018-01-16 08:01:26', 1),
	(5, 'Elegance 70', 'Elegance 70', 'Elegance 70', '5-ти камерная система<br />\r\nширина 70 мм', '5-ти камерная система<br />\r\nширина 70 мм', '5-ти камерная система<br />\r\nширина 70 мм', '<p>Elegance 70</p>', '<p>Elegance 70</p>', '<p>Elegance 70</p>', '5a009abe7fd0e.png', '2018-01-16 08:01:31', 1),
	(6, 'AD 76', 'AD 76', 'AD 76', '5-ти камерная система<br />\r\nширина 58 мм', '5-ти камерная система<br />\r\nширина 58 мм', '5-ти камерная система<br />\r\nширина 58 мм', '<p>AD 76</p>', '<p>AD 76</p>', '<p>AD 76</p>', '5a009ae611ba6.png', '2018-01-16 08:01:33', 1),
	(7, 'MD 76', 'MD 76', 'MD 76', '5-ти камерная система<br />\r\nширина 58 мм', '5-ти камерная система<br />\r\nширина 58 мм', '5-ти камерная система<br />\r\nширина 58 мм', '<p>MD 76</p>', '<p>MD 76</p>', '<p>MD 76</p>', '5a009b130ca31.png', '2018-01-16 08:01:41', 1),
	(8, 'Aluclip 76', 'Aluclip 76', 'Aluclip 76', '5-ти камерная система<br />\r\nширина 58 мм', '5-ти камерная система<br />\r\nширина 58 мм', '5-ти камерная система<br />\r\nширина 58 мм', '<p>Aluclip 76</p>', '<p>Aluclip 76</p>', '<p>Aluclip 76</p>', '5a009b47d9a12.png', '2018-01-16 08:01:44', 1),
	(9, 'Clasic 88', 'Clasic 88', 'Clasic 88', '6-ти камерная система<br />\r\nширина 88 мм', '6-ти камерная система<br />\r\nширина 88 мм', '6-ти камерная система<br />\r\nширина 88 мм', '<p>Clasic 88</p>', '<p>Clasic 88</p>', '<p>Clasic 88</p>', '5a009b7f1eafd.png', '2018-01-16 08:01:47', 1),
	(10, 'Premidoor', 'Premidoor', 'Premidoor', '5-ти камерная система<br />\r\nоптимальная теплоизоляция', '5-ти камерная система<br />\r\nоптимальная теплоизоляция', '5-ти камерная система<br />\r\nоптимальная теплоизоляция', '<p>Premidoor</p>', '<p>Premidoor</p>', '<p>Premidoor</p>', '5a009b98609ac.png', '2018-01-16 08:01:51', 1);
/*!40000 ALTER TABLE `windows` ENABLE KEYS */;
/*!40101 SET SQL_MODE=IFNULL(@OLD_SQL_MODE, '') */;
/*!40014 SET FOREIGN_KEY_CHECKS=IF(@OLD_FOREIGN_KEY_CHECKS IS NULL, 1, @OLD_FOREIGN_KEY_CHECKS) */;
/*!40101 SET CHARACTER_SET_CLIENT=@OLD_CHARACTER_SET_CLIENT */;
